Machine_ID,Temperature,Production_Time,Output,Energy_Consumed,Emission_Factor,Carbon_Emission
4,81.52739403577165,10.06368907893727,100.15528929765071,89.59500872552643,0.82,73.46790715493167
5,75.1050192081638,5.028879253926056,80.32245651474761,67.25104393928186,0.82,55.14585603021112
3,78.40976485647482,8.534100531738517,84.02329505386942,70.72099500122874,0.82,57.991215901007564
5,73.44866621703272,9.779261591246874,95.42162943467999,81.313578525202,0.82,66.67713439066564
5,76.62083176244221,8.16456797855085,90.85731696761076,80.84109573446756,0.82,66.28969850226339
2,74.34928472816158,10.130960750130702,97.19543045521831,81.65929536515176,0.82,66.96062219942444
3,75.48497982496359,6.9654230997992554,100.8497488734566,81.27197593865577,0.82,66.64302026969773
3,77.97578512718457,10.81869488037116,107.94539131535096,93.39315913373373,0.82,76.58239048966166
3,70.90889658383264,12.5977962472385,98.94251832911362,89.208516376087,0.82,73.15098342839134
5,85.4619363784273,7.274322879120682,107.29752465739303,86.21885844055562,0.82,70.6994639212556
4,69.96991309250149,7.1089949571984565,100.9671162221518,80.33635468712683,0.82,65.875810843444
3,68.92905693606134,10.906768954235401,70.36800150469193,79.59817007575609,0.82,65.27049946211999
5,80.79055436750033,11.159144291461425,85.90996909271868,83.03456110727438,0.82,68.088340107965
2,78.95831346981468,6.954279945693464,97.83868666417577,89.79398452427836,0.82,73.63106730990825
4,78.12059908526078,7.159626365808285,81.85457885738339,77.44298527004067,0.82,63.50324792143334
2,78.1417275463214,7.436430782278985,108.99893094994307,86.73765273742583,0.82,71.12487524468918
4,74.93876613576543,5.3110989779314455,122.96126248515546,88.52103188557503,0.82,72.58724614617152
5,70.51372814257084,6.1626961070316035,118.28142777545975,84.23276527430406,0.82,69.07086752492933
1,75.37902279096863,5.991718466495865,96.79835693604689,83.47813857885635,0.82,68.4520736346622
4,71.61419144243945,6.464404869791743,122.36089205274928,86.87979390263712,0.82,71.24143100016244
2,79.87559866708875,7.930630225226437,102.23001185803167,83.40587646820455,0.82,68.39281870392773
5,74.2647130924893,8.468429465073042,94.94371043322941,84.35984623239007,0.82,69.17507391055985
4,70.87251401603744,11.101000985628154,90.79896004688591,79.15931595673749,0.82,64.91063908452473
1,73.39307079173503,6.003291918522418,95.46295470267808,77.88480417259838,0.82,63.86553942153067
1,77.06465727137812,9.968644796953168,94.17734772188157,86.55667259293757,0.82,70.97647152620881
3,72.18137723598012,7.572022311548982,102.55624333563232,80.96102195541502,0.82,66.38803800344031
3,70.88889802216784,7.901072580695134,102.40860971574797,81.32648953000393,0.82,66.68772141460322
2,76.21843605745956,9.349638984333208,100.04569030230121,77.41295786059835,0.82,63.478625445690646
4,76.22483285554361,5.754555956875403,106.55407254619524,78.84412556667638,0.82,64.65218296467462
4,72.46528412314436,8.764819492368101,117.85969412179512,89.5844137885525,0.82,73.45921930661304
3,72.64480847190839,8.332904416426112,114.24331203161985,88.06048863827937,0.82,72.20960068338907
4,76.16024968678818,8.984902528016299,77.72653047325144,74.22951333677233,0.82,60.86820093615331
4,67.75957829251338,8.578337287815636,61.69118297647068,75.87235781915267,0.82,62.21533341170518
1,67.96268112811723,12.91060027982179,114.01479866858911,89.67610648320641,0.82,73.53440731622925
3,71.40777889373783,6.724520031497368,79.49681952376868,77.84926136962794,0.82,63.83639432309491
5,73.93276424144076,6.938006089996365,96.62851897160975,81.96692180155445,0.82,67.21287587727464
3,76.55453782799002,6.753718947150471,82.44830460910961,73.28806164180982,0.82,60.09621054628405
5,82.37678108474776,6.8890457616794905,72.9702934362997,85.73412455967032,0.82,70.30198213892966
1,79.2882981160101,6.725225745386965,108.12194092307182,79.5629986669181,0.82,65.24165890687284
2,74.20030735018287,10.378033062215103,111.3873274045397,95.86818888893356,0.82,78.61191488892551
4,74.90491896048655,10.84100849597971,91.35234398909921,91.54309125914735,0.82,75.06533483250082
1,69.98735317681096,6.858507412501048,61.134365617826354,63.69790005337225,0.82,52.23227804376524
4,74.90743432003805,6.335288853791543,91.80633327621275,84.62852135078757,0.82,69.3953875076458
2,73.5567068053993,8.942831112772808,105.8770600810382,85.17690107956196,0.82,69.8450588852408
2,76.61359280169044,6.895553911438057,77.81632646838807,76.88627031063704,0.82,63.046741654722375
1,70.86384528223839,9.265863635511021,102.75039879668734,86.09037874500355,0.82,70.5941105709029
2,77.59673257120586,8.405846041702599,99.77035226240507,84.86962034037691,0.82,69.59308867910906
5,82.66369456501289,4.968511770005536,108.68937249401633,87.92972393652131,0.82,72.10237362794747
2,74.45619925771571,11.095010402660122,101.79370552621229,93.92367569480285,0.82,77.01741406973834
4,77.0085586104947,11.591755346191043,85.40396588677666,78.56631989747153,0.82,64.42438231592665
4,78.45071995855557,6.7744226190312276,117.94857252496737,94.68047818922122,0.82,77.6379921151614
4,72.99389764057082,7.224596880128032,97.62205640459545,71.92029956174174,0.82,58.974645640628225
4,76.12046240905208,8.57173078144981,99.59043190735102,90.24355336133925,0.82,73.99971375629818
5,75.06296200390898,8.668913579974049,86.00098061390206,86.30312803021113,0.82,70.76856498477312
3,75.48838049274416,9.31708854534566,93.35076623212734,78.9287650556256,0.82,64.72158734561299
1,71.13495108072267,12.0204090775327,86.72795928959648,83.57261004253276,0.82,68.52954023487686
4,75.12255087129472,7.646105545011901,97.40580910114866,76.54670591358608,0.82,62.768298849140585
2,77.48999145622724,6.4034055109230925,125.67562720213516,88.17988975915668,0.82,72.30750960250847
4,82.2557180389752,5.241361543970946,79.42148285602966,73.89685554330968,0.82,60.595421545513936
2,79.79635413042604,6.538139920116162,75.79657903184888,79.61173327634671,0.82,65.2816212866043
2,85.76591228755778,7.933746054252405,122.06755491240412,101.92225845660298,0.82,83.57625193441443
4,71.16326218555976,11.589115727035576,96.86014484272201,94.79632505361741,0.82,77.73298654396628
5,79.36160318360339,6.964777401927657,89.96390892010125,77.78868893879587,0.82,63.786724929812614
2,75.91671002869175,8.447575903277796,115.59857031094114,88.48696854546118,0.82,72.55931420727816
2,85.94901466608836,7.967154207854496,90.91576690394703,77.76635485883253,0.82,63.76841098424267
4,70.95850857322424,10.376786546896168,127.39014570320404,90.42052075888473,0.82,74.14482702228548
2,70.80139078909612,13.053864851747242,110.16888807008904,99.38334968455655,0.82,81.49434674133637
2,72.0030367727799,6.938262454159359,92.68132887781447,85.76035607579416,0.82,70.32349198215121
4,64.38052137845096,7.021121114963556,132.35962319898255,79.76864551944774,0.82,65.41028932594715
4,72.3712248915962,10.088321754138144,90.91427615494993,80.6742175047949,0.82,66.1528583539318
1,71.20433669223151,9.363782979252623,111.13143058013961,87.53713469386824,0.82,71.78045044897195
5,75.75196893238103,11.693414651472068,104.48938870609737,94.0104361750619,0.82,77.08855766355074
5,76.70877987888579,9.167856370651927,119.52611934098198,88.49992088343312,0.82,72.56993512441515
2,84.38085419607943,7.281415818425881,123.42266795090279,95.90036434248277,0.82,78.63829876083587
5,79.75211919093024,9.181309661384619,100.4800622359865,86.01350085367572,0.82,70.53107070001408
2,72.11548172168798,10.217407161165816,88.69873194480725,83.02991341222639,0.82,68.08452899802563
1,70.50792664325822,9.640964362394728,106.89958214408675,89.33718792966307,0.82,73.25649410232371
4,77.45959585753253,9.014548062214596,89.8342694537184,83.74128623836567,0.82,68.66785471545985
4,68.3988339648968,10.133349379178307,130.20080871289935,91.34442890204197,0.82,74.90243169967441
4,84.15729382927177,10.338591180891346,102.04802996624106,92.82218924666174,0.82,76.11419518226262
5,80.89720060360644,10.764317982075054,94.52017673031837,89.89147448902216,0.82,73.71100908099817
1,72.65412173947648,9.297419775179286,102.77020458797362,83.90290664707827,0.82,68.80038345060417
5,66.43432735454562,7.665763839366291,79.79310565705455,71.19264273978625,0.82,58.377967046624725
5,81.76936187082707,8.293427372866645,85.42578942234023,91.09250836037248,0.82,74.69585685550543
1,74.42730077373692,10.413017933016715,118.00620861916639,96.24614607835801,0.82,78.92183978425356
1,81.1890815598673,6.366128658025528,90.14658581542906,78.89337225046762,0.82,64.69256524538345
1,67.02786170602816,8.737346617745802,84.2963352597709,79.76229668899065,0.82,65.40508328497232
1,72.00312488523113,7.213322375345278,108.04979128790929,81.17404713089886,0.82,66.56271864733706
4,75.02621849859092,8.057489645869635,117.78556231994496,94.82938042495142,0.82,77.76009194846016
3,75.2349029688237,10.556903725214598,110.784299659976,93.81475979382432,0.82,76.92810303093594
3,72.74967264260378,8.382198136039806,114.94071528708724,87.08493645948653,0.82,71.40964789677895
1,78.11424966173749,8.092873096312298,88.64807367145809,84.07587775398216,0.82,68.94221975826537
3,69.66189785308703,5.280287718040162,78.67283999887235,61.13899560194305,0.82,50.1339763935933
3,74.28810257489353,9.492507132054442,122.5200047793323,87.25122964080632,0.82,71.54600830546117
1,75.60147815855949,9.29096836228215,95.15980241736797,78.96099149705915,0.82,64.7480130275885
3,77.57219417029374,12.32650944661092,96.23750475317429,93.02508287813953,0.82,76.2805679600744
5,78.55807439044445,7.384443530093998,119.92291212773587,98.68737289115643,0.82,80.92364577074827
2,69.37678954081065,8.438300655327877,108.3434501410099,95.22453185432721,0.82,78.0841161205483
2,67.32942914632189,8.498767367421511,106.83831658122412,85.903999789575,0.82,70.4412798274515
1,81.38838410949255,11.15490655952695,132.47503517351626,105.25073810057734,0.82,86.3056052424734
4,76.66157005989795,7.809408935226096,90.34722654429785,72.04848219292683,0.82,59.07975539819999
1,71.25756731721724,8.558043051540679,113.91760192121856,84.20678133938544,0.82,69.04956069829606
4,82.75575987761262,9.215793019433079,100.85519687345626,86.12710628016815,0.82,70.62422714973788
2,75.57837317146429,8.373218246312716,104.02888418294886,82.64005034198664,0.82,67.76484128042904
1,80.89648592031914,7.107132770898944,122.92702639618798,90.6998973278899,0.82,74.37391580886971
5,75.33759240705055,8.388179985796615,107.61753634434436,84.36996418993617,0.82,69.18337063574765
3,85.30373962440993,10.147263499719545,108.07444118574449,85.47223011548847,0.82,70.08722869470054
4,83.77670421221602,5.9469694011778795,116.08761005964703,92.34812520694555,0.82,75.72546266969535
3,73.75517925760464,8.265939348293752,94.52570905685673,76.40346591374781,0.82,62.6508420492732
3,79.85785475477178,6.599758370121654,87.4118549899149,80.54823493515941,0.82,66.04955264683072
1,78.22687974792574,10.390093257849685,84.3278620896845,95.56239836531745,0.82,78.3611666595603
3,81.84315778766174,4.95362619043245,70.50465115935998,67.38330366457164,0.82,55.254309004948745
5,70.17538269709948,6.8821563054568236,130.84310694910482,75.45349843046318,0.82,61.87186871297981
3,78.43025729999219,8.754423750129043,83.45187451417476,80.32951739510605,0.82,65.87020426398696
1,80.29212243424794,11.13104805846868,96.68119564621342,96.91731420291822,0.82,79.47219764639294
5,66.20630256788442,7.868499477854025,95.84780050166619,87.38622766125309,0.82,71.65670668222752
2,69.08370743667112,6.889600946613603,104.61110046713651,73.55663777944164,0.82,60.316442979142145
3,64.8038391111995,11.76231413888118,112.23605818808946,92.08086140597155,0.82,75.50630635289666
1,73.65296582777721,5.1039721991675115,112.90710232539618,78.58000572594221,0.82,64.43560469527262
2,78.58771127897981,3.602388086759836,91.25383842146593,73.34504156792867,0.82,60.14293408570151
2,82.51178526048014,8.880028900106664,97.49317429320382,101.48561945349971,0.82,83.21820795186976
4,75.37047390209888,6.995891551294777,104.2386992573245,75.43377818886059,0.82,61.855698114865675
5,83.14307772785646,5.9575343657385735,96.26963310724679,83.63619583505229,0.82,68.58168058474287
3,68.09949270892554,9.416712894598707,124.1101836402999,92.45469309457732,0.82,75.8128483375534
1,66.48308780322422,8.487601427542398,107.36462427457377,87.85506566376577,0.82,72.04115384428793
4,74.72226150551691,6.871842738526543,111.02316679074727,84.90168203439019,0.82,69.61937926819995
5,76.92032724469654,5.439391202658211,109.94321903001119,83.86216443418857,0.82,68.76697483603462
4,74.83652625952953,9.74491465656029,117.60210786227987,90.23048196446035,0.82,73.98899521085748
5,64.66278949980062,9.300402355917322,102.7153233805556,83.09243118212717,0.82,68.13579356934427
5,74.55439980243605,7.801648272441234,80.5475207806623,75.32879130281214,0.82,61.769608868305944
3,68.47765249747573,11.693273992095332,105.99531927628962,92.53182946509567,0.82,75.87610016137845
5,78.3483627441502,5.859830467347695,90.22964659312257,76.11468460448909,0.82,62.414041375681045
4,76.83299123048424,4.948949658150522,92.07074977375365,77.82112183318019,0.82,63.81331990320775
5,70.30060106836322,6.616183860237511,108.7954602813264,80.87499227062966,0.82,66.31749366191632
3,72.43066541331653,7.908827967289004,118.57424607150453,93.23551371654847,0.82,76.45312124756974
3,69.70393239055524,8.486678898645383,100.31907365104092,81.66407746993822,0.82,66.96454352534934
4,74.68660451363414,7.5175278842873405,104.63249518898445,74.90294424105268,0.82,61.42041427766319
2,79.77571160250619,8.704110793028594,125.53322416952857,101.26565214173883,0.82,83.03783475622583
2,70.07136976832228,5.496921151619112,103.61129769232852,72.58425499078483,0.82,59.51908909244356
5,77.52023257758923,10.88752920814652,139.02524671270592,98.97391702565534,0.82,81.15861196103738
1,72.3487119081378,7.835697643214862,108.48264468447316,81.41223817562312,0.82,66.75803530401095
5,71.03563583868828,10.234591663176255,73.58855861266274,84.93575929534956,0.82,69.64732262218664
4,74.46484820022721,8.685450692755408,111.30012431656799,77.31499171070135,0.82,63.3982932027751
4,69.82378838790314,8.913506438307568,105.71737577324167,100.14286247083916,0.82,82.11714722608811
4,72.23175347326409,9.139534560464408,119.34629131124119,95.47911729626348,0.82,78.29287618293606
4,69.01061053705575,8.89541712003463,110.09772026904938,86.44165015995776,0.82,70.88215313116535
4,84.82362566458195,9.285445519735088,97.92316024024339,90.08518194075273,0.82,73.86984919141723
3,75.17631775985865,10.658305060264862,81.63552645565952,84.82319731144518,0.82,69.55502179538504
2,71.50137246003708,8.39304233940294,96.86465114070963,84.201778392934,0.82,69.04545828220587
4,76.0698995536711,9.418007515177024,87.2421931868605,86.26970069299804,0.82,70.7411545682584
1,74.43835975154585,7.820528611425546,91.29214825292917,83.02590390451999,0.82,68.08124120170639
1,73.89515200233389,10.880234430898945,108.82867606630914,91.80455108913382,0.82,75.27973189308973
1,78.07083350021712,6.64721539588146,125.0485675652711,88.85772570991618,0.82,72.86333508213126
1,78.78753855023652,11.60188086582163,105.92007294734472,93.61718647269737,0.82,76.76609290761184
3,72.34749426194736,7.919684098711313,82.06175406947224,75.65710014747458,0.82,62.038822120929154
1,72.1209087967766,5.138449795763904,106.66904002330212,84.00691648124207,0.82,68.8856715146185
4,73.62474151424178,8.256208829821578,117.94947229968477,91.67741371807378,0.82,75.1754792488205
5,63.49039417632208,6.637896685050238,90.85325643520926,57.575024215502886,0.82,47.211519856712364
1,67.42404468900725,9.681287097977448,97.98974249990623,85.75102317307919,0.82,70.31583900192493
3,81.83437133722262,6.694752041395218,100.22032292093796,85.346467601277,0.82,69.98410343304714
3,83.22483856750642,7.107633133570441,88.2265253037664,82.20209935979452,0.82,67.4057214750315
1,73.75481980221811,4.220918538108938,109.72420650765788,76.29391666417986,0.82,62.56101166462748
5,77.88278481527882,7.095387361501847,98.18577777088328,88.20846406183814,0.82,72.33094053070727
1,76.55625077271768,3.1522413467420867,106.29298665860541,81.20813638803892,0.82,66.59067183819191
3,90.3944040422762,4.832194353028553,86.6876173329685,77.0034875879677,0.82,63.14285982213351
2,80.59787455717289,9.520829312288594,93.43812549514884,89.40729498733096,0.82,73.31398188961138
4,74.36041204259617,9.571600317301664,110.83572036741657,84.71583909341994,0.82,69.46698805660435
3,70.22229779699788,8.85091512356993,94.40750271862349,74.23713913728119,0.82,60.87445409257057
1,66.96776839871214,6.066047713741574,125.90445776850108,80.25373083443972,0.82,65.80805928424057
4,76.01731817933612,7.90457728771604,94.00545721578096,86.33141819174821,0.82,70.79176291723353
1,71.21824627357849,7.992794921818863,103.37027088627829,87.37141947319088,0.82,71.64456396801651
1,67.88873145201163,5.6832706216149145,113.98886247809635,82.07299281315102,0.82,67.29985410678383
2,71.76713557878736,11.006796603534301,78.72451400600453,85.13999413250362,0.82,69.81479518865297
4,69.59225998192802,9.754724581151343,73.58786782028837,78.96283093492801,0.82,64.74952136664096
4,83.43570817536282,7.558071652340672,77.11515528144858,76.76113600068255,0.82,62.944131520559694
2,79.40819878474726,8.053771677989062,118.93876155140774,93.65288393714378,0.82,76.79536482845789
3,74.96013679341691,8.416765615895105,91.72212781161329,85.83228559812106,0.82,70.38247419045926
1,82.39972069445012,3.9165302631514187,138.37298928502378,94.3162743081029,0.82,77.33934493264438
5,75.38684153823809,7.5056452349588065,91.53628602013917,86.11016390245163,0.82,70.61033440001033
1,70.69357899335868,6.636031504004403,102.76826954795555,82.99085260508014,0.82,68.05249913616571
1,82.61562038634828,5.996759980210169,123.13164928851813,91.99806597785782,0.82,75.4384141018434
3,77.69455021842329,7.43779941422809,130.09139332238684,98.10104312596602,0.82,80.44285536329213
1,69.81376922836772,11.595373053699046,130.92255364954596,97.24179052020044,0.82,79.73826822656436
2,74.04830660958196,9.28168572253402,118.12549345889714,86.61579953138957,0.82,71.02495561573944
2,70.62190873307621,6.857642020434406,115.36093788717193,82.8191849538397,0.82,67.91173166214854
4,68.08600134517832,9.145165562712318,108.88790423801774,81.27518984538686,0.82,66.64565567321722
5,79.63088773765821,10.798710873172004,111.67541614249957,91.53959908305107,0.82,75.06247124810187
1,84.54708320235065,9.849267365825538,91.732214255072,88.7691472557704,0.82,72.79070074973173
1,68.00716213090429,8.119260739840348,87.72701674866539,72.59810796473265,0.82,59.530448531080765
3,77.81484618345286,6.706126444588852,99.94938313883571,80.76468327435964,0.82,66.2270402849749
2,71.74678715439086,9.39644662722718,97.44723066212607,74.43238269551868,0.82,61.03455381032531
5,72.56437308117651,8.7869707708435,93.20157926009087,82.8830703971672,0.82,67.9641177256771
4,72.03803037880566,9.790386440055464,110.44581171185072,88.7395589598801,0.82,72.76643834710168
2,70.68004615160092,9.270343603363939,114.32957812855766,84.09414056575469,0.82,68.95719526391883
4,75.24260813972414,10.09910543063867,101.32610329437772,91.51357426161475,0.82,75.04113089452409
3,70.84524941794481,6.929529576878864,122.16295121582893,90.61841991561161,0.82,74.30710433080152
3,76.3522841288992,10.634788131268651,82.87466328799742,76.27031799154126,0.82,62.54166075306383
1,74.74880945275432,8.3951992093848,97.09510811080423,79.47971168555695,0.82,65.1733635821567
5,73.80525976566796,12.150521745250531,89.24766519095793,84.13226118168592,0.82,68.98845416898244
4,70.462181689792,6.621624363820864,72.0019507439041,65.37540929016464,0.82,53.607835617935
2,72.11614334715834,11.4719276063305,98.7597897123595,92.77723800960676,0.82,76.07733516787754
3,78.77695612912878,8.395821566925296,98.17378737425075,84.66312671682618,0.82,69.42376390779746
1,77.5045859381219,6.697163992771103,122.70174614863197,87.63457059263969,0.82,71.86034788596454
1,70.11222377600724,7.032228331891357,109.46217526832166,71.93990931024906,0.82,58.99072563440423
4,75.49666152714613,7.3593053836113596,84.63719763506192,81.0351909723605,0.82,66.4488565973356
3,78.75693561685894,8.848331892803833,127.81138849501282,89.2222561682736,0.82,73.16225005798435
5,66.65297359439315,9.045670976071,118.31550543288029,87.2121435305343,0.82,71.51395769503813
3,77.71680096189968,6.852599992122842,108.73146555202923,86.56992482059525,0.82,70.9873383528881
4,71.68688120527077,7.951290815478035,96.60273851725252,87.53013676796047,0.82,71.77471214972758
4,77.8529933429658,12.284540717223727,85.60841144914781,82.63399954507915,0.82,67.7598796269649
3,71.18370421728741,11.455086340201422,94.4168983589342,71.72953351762268,0.82,58.8182174844506
4,65.9755894966774,8.872647339348065,116.33122929556279,86.55170593947214,0.82,70.97239887036716
3,66.86228781058419,8.0760069563364,128.26879458901914,97.0663521022249,0.82,79.59440872382442
2,75.24042473330691,8.240062653436523,123.14865292408284,97.23966531544853,0.82,79.7365255586678
3,76.2986125086074,9.227035945460834,92.6672586732059,85.45185282356027,0.82,70.07051931531942
3,70.47841687447796,5.954414869603189,83.20573850066484,69.65157879848456,0.82,57.11429461475734
4,78.19296229388686,7.48524692515331,102.11329370366806,88.73657609153702,0.82,72.76399239506036
4,66.6923996886552,4.662831852244821,73.47340951655723,59.846155405262074,0.82,49.0738474323149
1,74.66960100676341,8.798446245210558,104.84751571277172,88.76773655441544,0.82,72.78954397462066
1,68.94491900118771,9.294391879405483,97.78596120551997,84.92438241689393,0.82,69.63799358185302
2,71.7408194609892,7.033627075401252,93.00945247197636,83.1415491603844,0.82,68.1760703115152
1,75.23699335658208,11.147973526580065,76.07945399099808,96.53658012330598,0.82,79.1599957011109
3,70.69793317358024,5.548468673995318,107.70400159854574,80.71918425023831,0.82,66.18973108519542
4,73.07722227885087,5.07125023958036,92.00948740507133,71.73913971157005,0.82,58.82609456348744
1,80.0314640460722,8.448903637119944,82.45124746434568,81.52104197561972,0.82,66.84725442000817
1,72.11554065238425,10.094196605224308,56.91606680077526,64.47560405242773,0.82,52.86999532299073
2,79.1784605603257,11.367855382915737,99.58727642424046,88.72755831782118,0.82,72.75659782061337
2,69.35146572671191,7.0822314742621195,126.58377395004617,84.76891580632852,0.82,69.51051096118938
3,77.64902088957642,10.157361666862592,124.91888821821806,93.99445825430584,0.82,77.07545576853079
4,82.2078431032895,7.922983060998585,93.14355615120593,85.65472887917231,0.82,70.2368776809213
2,62.641777499363556,7.654745400118361,90.9668190945733,69.80832561637949,0.82,57.24282700543118
1,71.01552372264761,9.767319874973344,107.03161384112536,92.75703910023046,0.82,76.06077206218897
4,77.8853606359027,9.30464575682684,85.02421841217563,83.06027267984871,0.82,68.10942359747594
4,73.98477306978504,4.847215686031501,104.52687849729199,77.99837985045005,0.82,63.95867147736904
1,76.85572936685655,10.953080699451792,111.49120417577035,92.14191375249837,0.82,75.55636927704866
2,71.9800740664209,10.760182708294902,118.40399835826462,93.80755537657453,0.82,76.92219540879111
1,75.4329489373645,6.748874596980941,98.4976888528007,84.88902164182251,0.82,69.60899774629445
4,74.2216138230396,8.791607066874818,96.94489374734552,79.44183809091858,0.82,65.14230723455323
5,80.83891030829903,8.988060372565478,86.83026119865158,81.15407181349966,0.82,66.54633888706971
5,76.27210421650607,8.521347531647814,87.5967946894021,79.93915543448597,0.82,65.5501074562785
3,76.68801331037601,6.8993896923091595,96.6028166214771,74.39427640888339,0.82,61.00330665528437
1,72.94061516938767,6.656753264123897,105.51048260224267,77.34066959500694,0.82,63.41934906790569
1,72.56196887963753,7.9488918580171095,113.70376939349875,83.90879460617931,0.82,68.80521157706703
3,72.8372090609019,10.345458038518728,87.95231573979483,87.8671612329905,0.82,72.0510722110522
3,76.97226071189148,9.087200309188864,122.39032853439282,94.69043617965093,0.82,77.64615766731376
3,72.89507759589868,7.258771335827788,95.93314598436147,80.71297482175108,0.82,66.18463935383588
4,76.44887428448206,9.543397421296689,99.67949058477346,91.4695689711063,0.82,75.00504655630716
1,85.37700399322719,2.302914758739849,88.79182481278265,73.2450200159311,0.82,60.0609164130635
4,79.35562351715846,10.297531400744207,63.63639609590587,81.31611763848386,0.82,66.67921646355676
3,73.3698823391608,4.5205724424438,113.26068094541574,79.18818157343024,0.82,64.93430889021279
1,81.00606961081972,7.275118117193736,111.0526584563865,89.69588032371142,0.82,73.55062186544336
4,72.95962313489224,5.760660210747712,95.7800866432268,73.82136469385166,0.82,60.53351904895836
4,64.80937732411073,5.410637048558188,101.00486075837308,61.33333519530152,0.82,50.29333486014725
3,69.95956844541298,10.32165357475704,107.73908826556149,87.2734220409575,0.82,71.56420607358514
1,65.64604039487072,7.064597597376217,76.56181214670187,77.03449971669805,0.82,63.1682897676924
3,73.24243257979346,8.69300776346143,92.06420983980559,86.25757177996923,0.82,70.73120885957476
1,75.09209189594776,7.906158842241632,111.9139701943274,91.7595421137112,0.82,75.24282453324318
5,83.38218656137641,8.954081654446243,81.18565865246126,90.13560779435015,0.82,73.91119839136712
2,76.63463686882082,8.153643782120511,104.40336898249944,86.38890464820845,0.82,70.83890181153093
2,73.90449735595568,5.434015551622861,79.65127293064893,72.70224019744622,0.82,59.61583696190589
2,79.14702790591744,9.99253363889428,106.9964497365029,88.5692566745264,0.82,72.62679047311164
3,63.944323454960575,7.012486833677375,99.46537776553775,74.25638444436113,0.82,60.89023524437612
5,76.17807279054283,4.886836202680498,75.77302276141737,73.67347137791332,0.82,60.41224652988892
1,78.85432596943484,7.143769678068175,117.47109031685757,94.97545162175511,0.82,77.87987032983919
4,67.60706877110078,11.00151958126862,88.98112634802926,81.80368007409142,0.82,67.07901766075496
1,80.71877021603464,9.700443484226986,87.84621344478428,83.86318978564952,0.82,68.76781562423261
4,76.69248203747208,7.302695731184282,103.00853795846415,83.85683366292683,0.82,68.7626036036
1,72.923560430496,7.301484591363143,117.22956024143073,89.23965121504908,0.82,73.17651399634025
5,78.16390933053142,7.356729897565235,84.76267271532404,72.00494219432568,0.82,59.044052599347054
4,86.35346428902199,12.153495967121682,100.92519774771958,86.28037863738405,0.82,70.74991048265491
3,75.90933127529247,8.763870904463106,106.4322475049586,84.65939745060211,0.82,69.42070590949373
1,76.24110293150169,8.86008329438214,110.39658410894717,82.85613115762848,0.82,67.94202754925536
1,72.70319550229878,10.060566908063684,102.64662332915837,84.72601757778772,0.82,69.47533441378592
4,70.75077815267605,8.477578318053027,94.49458241375017,79.94001884248178,0.82,65.55081545083506
3,79.15167908272123,7.481915708358594,87.5861466902692,78.5492729200435,0.82,64.41040379443567
3,70.71958087045566,7.607300301830043,101.29215824569562,88.22437618495032,0.82,72.34398847165926
5,75.35783118609696,7.856797481171872,83.9179148202159,80.2016088244686,0.82,65.76531923606424
3,72.61171276617442,7.925555526980316,56.17974274758089,70.51326205937625,0.82,57.820874888688515
3,77.39489912873196,9.45525908727396,106.54839706236501,92.6835225778404,0.82,76.00048851382913
3,76.66831052643474,8.103891771614599,113.55902261629294,82.9154800024306,0.82,67.99069360199309
2,80.18769972128949,9.46528015443116,64.55601346687243,83.58677314667013,0.82,68.5411539802695
5,72.44991800572626,7.838566839782835,84.85403942935093,76.97948307855678,0.82,63.12317612441656
1,73.65062532353315,8.15727038063218,109.28731391507796,89.27845068376038,0.82,73.20832956068351
4,70.10618142108846,4.003598630935785,130.8624320456755,76.95973142091768,0.82,63.106979765152495
1,72.77853369961944,9.832655349404963,100.31190561513112,78.37935540307866,0.82,64.2710714305245
5,76.88650246522425,8.692976951795986,89.07995588156298,86.64264019079813,0.82,71.04696495645446
4,78.78494308322676,9.996020219719304,97.2565533834274,90.44352562656779,0.82,74.16369101378558
5,70.38917337911187,2.2074892436126214,120.62314628722277,71.28625129116045,0.82,58.45472605875157
3,79.3480296005283,12.176749409561456,90.31053731313197,86.77235940695319,0.82,71.15333471370161
4,81.77818929402476,7.720820743689653,88.01211990024619,88.36154602653939,0.82,72.4564677417623
3,77.0671745161185,10.216365633475032,92.75884716726951,80.84691321085353,0.82,66.2944688328999
1,84.38397906279033,5.920188145748938,85.70007087611931,87.95575185200866,0.82,72.1237165186471
1,71.13105400448214,9.22554781012514,101.84005473992194,80.06553537122859,0.82,65.65373900440744
4,68.77672648344291,5.893168873652687,124.3701768770434,86.67771368018177,0.82,71.07572521774904
4,66.10639875547861,6.7524620786083895,104.84618909674043,76.36888788523329,0.82,62.6224880658913
5,82.48022155744592,11.828062707733572,96.21469746810568,96.77658259003353,0.82,79.35679772382748
5,78.27182828177028,7.6186351984733065,95.62283096626683,80.33946381714084,0.82,65.87836033005549
3,74.72207664544773,8.434865746359446,76.55213786955014,76.38244664594632,0.82,62.63360624967598
4,76.3998431315991,9.740135461377509,113.24664665720738,91.85878236269538,0.82,75.3242015374102
1,69.37255476350812,8.99136377594521,98.83244204480798,77.3078002681795,0.82,63.39239621990719
5,87.22875989808414,8.300837810287153,97.29280129614061,93.10801768555918,0.82,76.34857450215851
5,75.64610590987614,8.729922004932451,147.8966135176729,97.08581318774691,0.82,79.61036681395245
1,75.54697397302446,12.80683117047655,104.48129362548529,93.58853783841083,0.82,76.74260102749687
5,78.62883311949346,7.884762405932829,88.72313424857224,76.7291347731415,0.82,62.917890513976026
3,77.40504615868356,8.402198093429934,93.60463605691685,70.77664178930014,0.82,58.03684626722612
4,76.11942012139566,10.101308792015224,117.22668563795132,92.47519452311283,0.82,75.82965950895252
1,71.04762772277344,10.211051865915968,101.69905615806647,98.51871154870317,0.82,80.78534346993659
4,77.35734178567998,10.374060611120761,78.4258303252395,86.87756265214348,0.82,71.23960137475765
5,84.41012248237517,9.27746044405837,113.78843401862805,94.80021043622078,0.82,77.73617255770104
5,81.7271002307749,5.713990174539033,89.97783871691509,77.9704279334987,0.82,63.93575090546893
1,82.96593313319698,11.266863064602191,128.09946664326318,102.55886215284207,0.82,84.0982669653305
3,72.44392161784407,5.707309213962624,116.20072098571973,85.23239110843924,0.82,69.89056070892018
2,70.0519758987071,8.605270930478067,93.29017156511873,74.31951720330107,0.82,60.942004106706875
1,74.37106539950176,6.491448299961284,119.2152454260267,91.50461140082581,0.82,75.03378134867715
2,75.27862456144348,7.871723306814015,101.01783265791104,87.26501526892929,0.82,71.55731252052202
2,80.47095759235474,8.65752482060696,112.79160512683329,94.97893860398095,0.82,77.88272965526437
3,66.5376768514259,8.642714430900547,107.27099225941713,84.92794365938782,0.82,69.64091380069802
2,82.64775159730307,8.84384150847057,87.3046501751369,85.3010371566037,0.82,69.94685046841502
2,74.20996050710505,11.227422538117294,90.34675251523807,90.02815726419264,0.82,73.82308895663796
3,72.8655946502629,8.907068603027959,115.44941226371742,91.84082887900948,0.82,75.30947968078777
2,69.93947812369916,7.511686729418702,94.97837001840189,76.71641997150243,0.82,62.90746437663199
2,66.72571664067115,9.928174336576715,93.94527305137005,78.53478004441551,0.82,64.39851963642072
2,79.11585291980957,10.37894097784928,85.6731613097597,86.5270382848412,0.82,70.95217139356977
1,75.36658983594202,5.544784369726015,106.35398598390192,88.42416021006956,0.82,72.50781137225704
1,68.55019550129472,9.194800139699716,130.93787378864718,85.75052478837145,0.82,70.31543032646458
1,68.52460613968192,9.402345484621797,83.9870062861859,70.92546959617813,0.82,58.15888506886606
3,73.32107650354936,7.404872993280016,100.36329185009137,82.40307599954471,0.82,67.57052231962666
5,83.34510762644696,10.75141362662324,121.18330833123144,99.78481207511949,0.82,81.82354590159798
2,73.70204324318198,7.699888825934947,98.80537913131427,82.75912133470722,0.82,67.86247949445992
2,67.48428523440947,8.251152906943085,106.78557694374601,83.4998875037572,0.82,68.46990775308089
3,73.77128467957027,7.65385635143226,84.0640970777968,76.29657289281468,0.82,62.56318977210803
2,73.63638215126164,8.031158095162935,106.42460645811472,92.25720639640153,0.82,75.65090924504925
1,61.515566785292144,5.807449826209597,97.19283602493176,63.52601396016222,0.82,52.09133144733301
5,74.72852566741093,5.119898234811411,114.78594993519795,77.89735915998645,0.82,63.875834511188884
4,73.84532734895662,11.189010126449944,117.81079077347127,94.12764735867434,0.82,77.18467083411295
2,78.48103182406709,6.306077303363344,138.8434546302792,85.28976285207317,0.82,69.9376055387
1,84.24478047472672,6.0172153010873854,108.69449759820364,85.88589809683887,0.82,70.42643643940787
4,80.63282514773879,3.6932197727925704,104.8869447487325,87.47628637271438,0.82,71.73055482562579
5,73.65555654722584,6.722076504620995,102.91576452366004,81.25109308143274,0.82,66.62589632677485
4,69.46737045629165,5.353820413185003,94.70250560783967,75.00558226546114,0.82,61.50457745767813
1,87.8667990162493,11.284030320272738,105.07725765192536,91.72381361838484,0.82,75.21352716707557
4,75.29609217007244,10.01963417868527,95.56897884791456,83.27620105658374,0.82,68.28648486639867
3,75.06964645956474,6.623699309644552,102.52691464404421,79.66431434066506,0.82,65.32473775934534
4,74.87937456444999,12.504871610688618,119.7639630341194,96.79004393005687,0.82,79.36783602264663
2,75.99042380383928,9.963530973983188,84.90186152080538,89.80105128114647,0.82,73.6368620505401
2,74.27819794038028,7.350337232982755,117.09817841693568,89.75768226486198,0.82,73.60129945718683
3,72.13168996559882,3.001188570252854,119.75672601009798,72.43795014164934,0.82,59.399119116152455
1,72.26570529379804,12.581885145181484,98.22897209513381,91.99783845796215,0.82,75.43822753552895
2,74.83623364892001,5.220855066472808,68.17217651487108,70.80258865435087,0.82,58.05812269656771
5,72.28287614433117,4.709202506086216,90.88267019358351,78.5253893350194,0.82,64.39081925471591
2,71.43577108661418,10.045140864019281,119.45491819841664,99.54734616371252,0.82,81.62882385424426
2,75.53215113845948,12.879504812678546,99.65697906551677,88.34670795510253,0.82,72.44430052318407
1,73.72511391289572,10.768545637021036,85.01046651557634,79.84850062911114,0.82,65.47577051587113
4,82.51996494291345,9.12781824010472,92.42837618157674,80.9562425115661,0.82,66.3841188594842
2,61.74515095803494,9.189508683330573,112.60930039756829,81.86428366941419,0.82,67.12871260891963
3,80.45753425961232,9.706831117560615,108.20100352302069,94.43452229406527,0.82,77.43630828113352
4,81.23042596248814,9.51785717957353,96.41601851245458,93.51240547707302,0.82,76.68017249119987
5,64.63304883795925,8.562382847938752,94.49763382277969,77.41082514347842,0.82,63.4768766176523
1,73.28656202959826,8.208402207903752,94.12362776434267,79.69793614363522,0.82,65.35230763778087
5,73.14279567002104,7.874813744200956,86.16384723252246,78.92896945441288,0.82,64.72175495261855
4,67.9624415264109,6.492070822266648,124.23063534204162,80.0588385022011,0.82,65.6482475718049
4,71.11091656204562,7.438649846266452,95.1651929618299,89.43000947057855,0.82,73.33260776587441
4,69.44712077267086,4.614086371609229,118.25737781238244,71.39064133767832,0.82,58.54032589689622
5,83.76135221711812,7.8033207464105,122.81974077883677,95.25694272950972,0.82,78.11069303819797
4,79.6783919657373,6.022817785698165,114.9746634722194,96.495261692079,0.82,79.12611458750477
5,81.3577754749708,5.792821365568458,93.52569530922928,80.35623828419108,0.82,65.89211539303668
4,78.60836032021618,8.359788302306956,106.05595135504915,86.89034699622928,0.82,71.250084536908
3,69.35474114391386,10.784004572689199,99.63706590413626,84.34927237452408,0.82,69.16640334710974
4,72.37739866860113,9.836633212004626,86.44447208904808,80.89334897621221,0.82,66.332546160494
5,77.4468728061396,4.8589987927536455,104.86538922582405,86.76529312970696,0.82,71.1475403663597
2,68.88936095554027,6.020743726859325,82.31440313260296,60.12117931462214,0.82,49.29936703799015
4,78.56499215086194,9.881542375976432,117.81519082692346,102.0573065819425,0.82,83.68699139719284
2,73.79837300920933,6.035025212923381,93.0307405405241,69.75867333035794,0.82,57.202112130893504
3,73.12589596225202,7.550733700005951,103.01739483809259,81.23637218639361,0.82,66.61382519284275
1,78.55479984101746,9.100104198049104,104.24931807319213,86.60618163707126,0.82,71.01706894239842
3,77.2213165574302,6.063311090272729,96.11642539443883,82.5149744264458,0.82,67.66227902968555
4,73.1951691709046,8.21075101229192,108.80040702212912,77.66858695725612,0.82,63.68824130495002
2,80.79664901682123,5.331949010163591,92.87644515066214,81.23601940434615,0.82,66.61353591156384
2,69.59468336200051,6.797264712097572,113.06945946185866,92.43425706018726,0.82,75.79609078935356
5,78.07967803472133,8.639563868285073,79.81030479629877,73.44618816985638,0.82,60.22587429928223
2,77.96550628984193,4.814012532936662,101.89569369319618,80.12801715680511,0.82,65.70497406858019
5,73.45226780343005,8.880949475920797,129.08393498587427,89.90330246033585,0.82,73.72070801747539
1,76.63066511121059,7.960724402146638,84.99503013091638,81.86472643013866,0.82,67.1290756727137
4,68.74443211807349,9.104979908834295,89.83382544212722,79.62806239642227,0.82,65.29501116506626
5,79.6201350960345,8.447828268129323,107.70861774488372,85.81087486251947,0.82,70.36491738726596
1,74.07548931778506,10.728280859947688,102.69372672909397,91.74178582187146,0.82,75.22826437393459
2,72.38638489740481,8.250449005295815,105.25945148910338,93.29366645495877,0.82,76.50080649306618
2,80.24504612918444,7.141188917749494,107.33780695221495,85.6517240271192,0.82,70.23441370223775
1,71.4782815472862,8.244595006064568,109.52082202842655,88.6833671050411,0.82,72.7203610261337
2,67.9576935181822,9.086596058072775,116.64549762934334,80.67932337468383,0.82,66.15704516724074
1,67.21685413238048,8.09772014065141,106.14727985392769,76.86586941958132,0.82,63.03001292405668
5,78.0300497567282,8.081183382407765,96.38113518072187,86.45376358679809,0.82,70.89208614117443
5,68.59785323751859,6.59601662438649,110.08860551804096,87.93812166562438,0.82,72.10925976581198
1,83.77397090992183,6.674198164898104,128.49822902342822,95.5629172357139,0.82,78.36159213328538
5,64.59035296058138,5.194789456400613,98.0104938042614,70.52261338175457,0.82,57.82854297303874
5,83.48228184145019,11.499153486373878,85.38206042994038,90.35052304957175,0.82,74.08742890064883
5,76.05508733601309,5.512273529217429,116.60621003930459,77.7819150683842,0.82,63.78117035607504
3,74.51643444064804,6.614189604408185,98.19428254069602,82.96745782312603,0.82,68.03331541496334
4,72.27540456595526,6.563185468861605,67.40995680978946,73.89872557525472,0.82,60.59695497170886
2,76.99568057176036,9.789848753888883,112.71132515725633,89.63048367666944,0.82,73.49699661486893
3,74.81182648787576,7.410100643415944,91.97007721069116,77.46692695517962,0.82,63.52288010324728
5,80.5165094100826,10.495484145347469,98.64200076543759,92.17121437362775,0.82,75.58039578637475
1,75.5711382433102,6.653018751512263,104.97970495853522,80.40191943203722,0.82,65.92957393427052
5,75.75150880730939,8.557988324447605,102.857495196686,85.51831653842659,0.82,70.1250195615098
4,73.18193893893073,6.329305893480486,110.6417772570856,92.94072337938458,0.82,76.21139317109535
5,74.71527188139466,12.290298255546777,93.46770444145236,88.7434152804966,0.82,72.76960053000721
1,76.5390088444603,5.624803161940974,107.69658697264124,80.03638607779835,0.82,65.62983658379464
4,66.44915803671687,8.619641420454055,96.10679983624124,76.05819278196311,0.82,62.36771808120975
5,68.25907288947144,9.267553761864196,111.08215721331254,89.71025098995756,0.82,73.56240581176519
4,78.71632047011357,8.827598194902997,109.23051226019581,88.876389436831,0.82,72.87863933820142
2,75.85432719063971,7.629424682244584,85.96841946933107,75.72967360900121,0.82,62.09833235938099
2,74.0800833182366,7.740358600533147,116.28973174262549,94.0141985443373,0.82,77.09164280635659
5,75.09216966532696,8.08762294395822,91.96054832328927,88.4075102401349,0.82,72.4941583969106
4,76.73790852680835,7.705995996743023,112.12086697421718,84.41508852046185,0.82,69.22037258677871
1,72.30120159845319,9.92775823358982,105.50930970102011,78.32621041990919,0.82,64.22749254432553
5,71.10847637298843,12.421046003182703,127.57275515192684,103.70572518762228,0.82,85.03869465385026
2,75.9792262754884,6.885016429984333,96.64801026442221,77.3308999482395,0.82,63.41133795755639
2,70.10813611192484,5.260394040841844,94.76024805822703,77.95605855092806,0.82,63.923968011761005
5,77.04126377857236,7.82343590329749,99.708705911684,74.22959638082718,0.82,60.86826903227828
4,66.48708197881079,13.159418675308636,95.45230325748587,92.66105600876497,0.82,75.98206592718728
2,80.14577818662822,6.392650864060538,111.99912852913076,80.40206973377052,0.82,65.92969718169182
4,77.36298741206521,11.278233610888135,75.75534087345119,87.61838378517685,0.82,71.84707470384501
2,76.28014867156938,11.355401628152881,84.19476371280469,86.18067204511402,0.82,70.6681510769935
2,79.91345491972757,6.892823516584011,83.9829561763121,74.16756424894221,0.82,60.81740268413261
3,83.32737222231289,9.137966158370551,114.25461387960364,92.18082102714473,0.82,75.58827324225868
2,80.07185032509065,11.256793246257075,125.65920058872888,103.67886411646165,0.82,85.01666857549856
1,65.79562884334177,7.241744518025026,98.43326172193792,77.44075423987849,0.82,63.50141847670036
5,68.6021151663215,7.592839279795276,97.46767415214984,81.64910329075867,0.82,66.95226469842211
5,71.8759071115216,6.836638172102712,101.05078244669772,89.80866755655296,0.82,73.64310739637342
4,75.13045525105417,5.970486538614266,117.42817453912286,76.91344500593722,0.82,63.06902490486851
2,77.58829510234561,6.701444909867986,86.0897029871414,86.11001114189432,0.82,70.61020913635333
1,71.37128093423267,5.552119466475487,103.57553474102178,78.3843195099899,0.82,64.27514199819171
4,75.9338338223854,8.068166936518452,114.62796444673644,83.99771987663489,0.82,68.8781302988406
3,71.22308533823339,6.460053537882716,107.51641254909768,74.13500538091648,0.82,60.79070441235151
4,71.94241098504025,8.467571823581496,102.84372424898115,82.81386446049228,0.82,67.90736885760367
4,67.96669451575889,4.888208707592746,115.01569138850712,82.87272264923936,0.82,67.95563257237627
2,70.38383376944547,8.661760464428914,59.451515605011444,69.71314689319632,0.82,57.164780452420985
3,68.24157697191833,9.667057923217849,110.16812979296361,94.06111792152068,0.82,77.13011669564695
4,70.12063373511333,4.012528714857089,90.18886475308864,62.88615527293965,0.82,51.56664732381051
1,80.2682089830392,8.748113139695144,72.54050654715314,79.33203799582556,0.82,65.05227115657695
1,70.25300555584029,10.455337984946585,107.66803899287471,82.07562322361014,0.82,67.30201104336031
5,88.16191032418695,5.580717962617589,120.60487817744436,93.24201395368681,0.82,76.45845144202318
3,77.46658950440445,11.345144773675408,97.93827228058463,95.23950293421493,0.82,78.09639240605624
3,75.92418061847437,8.83803801873209,114.29311820804408,87.82229284070932,0.82,72.01428012938165
5,70.70821109909393,6.589976288483182,124.18417386982968,72.76824100432655,0.82,59.66995762354777
4,78.50154939704495,7.8884618446845876,119.72371680376071,91.93955416300233,0.82,75.39043441366191
3,72.12181086881112,9.116653825043445,124.59946794057089,93.85774622533127,0.82,76.96335190477164
1,75.6100490732268,8.152010782824822,111.13191236607838,89.47009358689505,0.82,73.36547674125393
1,87.80042269134397,9.077511984892737,101.13150458352389,98.57359764962538,0.82,80.83035007269281
2,74.51970050137675,6.158652813841267,75.97051282154247,67.01304132658841,0.82,54.950693887802494
3,80.74636663142837,8.338721648072156,96.30906267805076,89.34442594252597,0.82,73.26242927287129
4,71.48411787437057,5.17257100619004,87.35130107025712,78.25512883303237,0.82,64.16920564308654
5,74.82505754751519,7.7775478773026,132.56414076246722,83.84392883707037,0.82,68.7520216463977
5,83.85400317817755,6.19218471707042,97.36171281351496,85.11814399687898,0.82,69.79687807744077
4,71.86516471106117,6.528940114820466,101.84807210176729,77.02398506066334,0.82,63.15966774974393
2,84.06224278998465,10.472186350420875,108.27228064060701,95.04956492250795,0.82,77.94064323645652
5,78.53875967727738,10.182620241188538,100.65403669558681,91.56921374738349,0.82,75.08675527285446
3,72.18766612052866,9.218276241814355,125.4257656064613,89.72197240526367,0.82,73.57201737231621
2,78.1620386952776,5.815374470654842,90.66025957398323,74.53130576533539,0.82,61.115670727575015
3,79.86277224813365,7.367183100610396,102.91911182855864,85.71224796129533,0.82,70.28404332826217
1,78.10904981108598,10.426195399958367,88.86294121452927,81.12956837550449,0.82,66.52624606791368
2,67.14887640054772,8.28343382727981,80.19966233168941,68.77207890991437,0.82,56.39310470612978
5,71.36431412087566,12.63865907996339,90.82346363642071,91.60338072607334,0.82,75.11477219538014
2,73.76240682224248,8.786635678788743,99.44444804427383,78.5438390061876,0.82,64.40594798507382
2,74.62783285449977,8.384098232980064,93.5604666322411,85.4818153874284,0.82,70.09508861769129
2,78.10336048775339,7.3817670715949975,89.61368530189216,83.01227644190409,0.82,68.07006668236136
2,75.88850500466627,8.267081809564564,78.9052380449225,69.52095389098604,0.82,57.007182190608546
3,68.32327820644949,7.695060327238912,98.75341641056959,75.78996141919517,0.82,62.147768363740035
1,76.90098925502981,9.416217353377181,77.42919438953497,86.48223466636662,0.82,70.91543242642062
4,78.05292872641911,9.913404633589169,111.40083945534404,87.3676978112927,0.82,71.64151220526001
2,77.7989522396552,6.428021078984101,101.23659629401755,79.80447585445413,0.82,65.43967020065237
5,80.4039036277731,5.337534092884444,78.13672750802604,76.62834271832273,0.82,62.83524102902463
2,79.16961077274452,4.327589253793407,95.36186384425204,80.76549559364766,0.82,66.22770638679107
5,77.29590039614219,9.015982653825088,88.71765391614124,82.03751725034117,0.82,67.27076414527976
3,74.64917144270676,5.793266787652253,104.78761765628771,77.35985362008599,0.82,63.435079968470504
5,66.69519533242004,3.6942188140950343,120.10675669034717,83.87991160999678,0.82,68.78152752019736
4,77.14809109566293,8.777157209061928,71.87241295531383,86.38458217153737,0.82,70.83535738066064
1,76.03843843581555,12.985999034865582,101.72539118721126,99.4031248977113,0.82,81.51056241612325
5,76.35789418597686,7.987858176920214,97.5980080665004,83.8606565796041,0.82,68.76573839527535
5,68.61625712089845,9.676981548903283,110.07010114675698,82.64179339407825,0.82,67.76627058314416
1,69.59471729795868,8.16365871709513,103.19794942356533,77.93183887745637,0.82,63.90410787951422
4,80.26576426666452,7.8022206936177145,88.72046002391771,84.96603205407177,0.82,69.67214628433885
2,74.80222423071673,9.838152965975537,95.21419096500072,87.73366644125308,0.82,71.94160648182752
5,78.40750348686312,7.419450911622698,88.05961214794766,87.4685301757934,0.82,71.72419474415058
1,75.1415918806523,8.534784628143806,116.14010707897897,92.73464778298815,0.82,76.04241118205027
3,75.14878069747873,8.643395612392027,100.31967473007913,77.44168248374807,0.82,63.50217963667341
1,79.69141902988,6.6638190927139025,128.5178602862951,96.98844387487092,0.82,79.53052397739415
3,72.41977635891313,9.984084699073046,99.0900877927807,80.9147807788648,0.82,66.35012023866913
4,75.48060388470492,7.650080486609182,89.37389849634306,77.93277610471199,0.82,63.90487640586383
2,72.6886235564748,6.48850968101431,77.2942841108076,73.76061740476676,0.82,60.483706271908744
1,72.82751886283842,9.073019687140807,72.95290485616083,86.42400771146889,0.82,70.86768632340448
5,73.4541393826568,6.203064036417926,76.23796085491765,87.55417880066635,0.82,71.7944266165464
4,76.11066885816857,8.056362314738257,104.00689976517225,88.40374428379339,0.82,72.49107031271058
1,72.60625689168262,7.981762006711593,107.63087534844901,83.63993197019725,0.82,68.58474421556174
5,81.2787806278676,10.171791131663156,76.282139469518,86.54014266051826,0.82,70.96291698162497
1,70.52696348890248,8.949396465759905,113.42557471114173,91.62822421868275,0.82,75.13514385931985
3,74.0656417791932,7.949946082509713,92.75408422474841,79.15560019425459,0.82,64.90759215928875
1,72.80134470862913,9.635532598400575,102.20189517978324,95.3083628846123,0.82,78.15285756538208
1,82.23488942176867,10.780415098034627,124.18330942383136,101.08362153006001,0.82,82.8885696546492
1,75.98277388255788,9.115620612703724,113.45258973798298,92.74712053353825,0.82,76.05263883750136
